Ref,Val,Package,PosX,PosY,Rot,Side
"IC1","SN74LS641-1DW","SOIC127P1030X265-20N",118.625880,-4.913880,90.000000,bottom
"IC2","SN74LS641-1DW","SOIC127P1030X265-20N",131.579880,-4.913880,90.000000,bottom
"IC3","SN74LS641-1DW","SOIC127P1030X265-20N",105.671880,-4.913880,270.000000,bottom
"IC4","SN74LS641-1DW","SOIC127P1030X265-20N",92.717880,-4.913880,270.000000,bottom
